run,seed,cases,bilateral_psnr,acsf_psnr,delta_psnr
1,12345,36,27.252803,30.281820,3.029017
2,10012345,36,27.251317,30.285647,3.034330
3,20012345,36,27.252228,30.282815,3.030587
4,30012345,36,27.256466,30.281682,3.025216
5,40012345,36,27.257047,30.289136,3.032089
6,50012345,36,27.252803,30.282941,3.030138
7,60012345,36,27.253387,30.270148,3.016761
8,70012345,36,27.251860,30.278452,3.026592
9,80012345,36,27.249839,30.276204,3.026366
10,90012345,36,27.254380,30.283978,3.029597
11,100012345,36,27.255581,30.283395,3.027814
12,110012345,36,27.251911,30.280206,3.028295
13,120012345,36,27.258408,30.282385,3.023977
14,130012345,36,27.254634,30.289128,3.034494
15,140012345,36,27.257396,30.287206,3.029810
16,150012345,36,27.252905,30.282193,3.029288
17,160012345,36,27.250334,30.281964,3.031630
18,170012345,36,27.249489,30.280067,3.030578
19,180012345,36,27.255702,30.289346,3.033644
20,190012345,36,27.251958,30.284675,3.032717
21,200012345,36,27.255817,30.276874,3.021058
22,210012345,36,27.251164,30.285713,3.034549
23,220012345,36,27.252369,30.280817,3.028448
24,230012345,36,27.254863,30.285532,3.030668
25,240012345,36,27.254517,30.285533,3.031016
26,250012345,36,27.253908,30.286275,3.032367
27,260012345,36,27.252986,30.286240,3.033254
28,270012345,36,27.250510,30.281387,3.030877
29,280012345,36,27.255974,30.288777,3.032803
30,290012345,36,27.249409,30.277377,3.027968
