image,method,sigma_noise,param,psnr,ssim,epi,time_ms
baboon,raw_ycbcr,5,-,34.1549,0.802888,0.393297,1.45
baboon,bilateral_ycbcr,5,ss=2.0;srY=1.0*sn_est;r=5;sc=1.5*srY,37.8037,0.953219,0.450495,124.76
baboon,acsf_ycbcr,5,ss=2;kmin=0.85;kmax=3.6;c=1.3;r=5;rs=2;sc=1.5*srY,36.4194,0.936097,0.438117,126.37
baboon,raw_ycbcr,10,-,28.1395,0.547153,0.320061,1.35
baboon,bilateral_ycbcr,10,ss=2.0;srY=1.0*sn_est;r=5;sc=1.5*srY,32.7772,0.850172,0.353246,120.14
baboon,acsf_ycbcr,10,ss=2;kmin=0.85;kmax=3.6;c=1.3;r=5;rs=2;sc=1.5*srY,32.6928,0.878094,0.355085,122.87
baboon,raw_ycbcr,15,-,24.6034,0.389195,0.266262,1.31
baboon,bilateral_ycbcr,15,ss=2.0;srY=1.0*sn_est;r=5;sc=1.5*srY,29.4379,0.709613,0.294867,118.02
baboon,acsf_ycbcr,15,ss=2;kmin=0.85;kmax=3.6;c=1.3;r=5;rs=2;sc=1.5*srY,30.3920,0.838829,0.308175,118.96
baboon,raw_ycbcr,20,-,22.1241,0.295641,0.223201,1.37
baboon,bilateral_ycbcr,20,ss=2.0;srY=1.0*sn_est;r=5;sc=1.5*srY,27.0494,0.579257,0.247550,115.57
baboon,acsf_ycbcr,20,ss=2;kmin=0.85;kmax=3.6;c=1.3;r=5;rs=2;sc=1.5*srY,28.9176,0.816308,0.268811,117.37
baboon,raw_ycbcr,30,-,18.6242,0.192010,0.166754,1.35
baboon,bilateral_ycbcr,30,ss=2.0;srY=1.0*sn_est;r=5;sc=1.5*srY,23.7331,0.392020,0.183052,114.27
baboon,acsf_ycbcr,30,ss=2;kmin=0.85;kmax=3.6;c=1.3;r=5;rs=2;sc=1.5*srY,27.0406,0.778659,0.210929,116.46
baboon,raw_ycbcr,40,-,16.2120,0.137809,0.131507,1.41
baboon,bilateral_ycbcr,40,ss=2.0;srY=1.0*sn_est;r=5;sc=1.5*srY,21.4601,0.281144,0.142840,113.68
baboon,acsf_ycbcr,40,ss=2;kmin=0.85;kmax=3.6;c=1.3;r=5;rs=2;sc=1.5*srY,25.9024,0.740623,0.173577,116.49
board,raw_ycbcr,5,-,34.1627,0.818283,0.452069,1.75
board,bilateral_ycbcr,5,ss=2.0;srY=1.0*sn_est;r=5;sc=1.5*srY,36.9992,0.957436,0.559728,141.04
board,acsf_ycbcr,5,ss=2;kmin=0.85;kmax=3.6;c=1.3;r=5;rs=2;sc=1.5*srY,36.0122,0.945677,0.554378,145.22
board,raw_ycbcr,10,-,28.1381,0.580806,0.367892,1.66
board,bilateral_ycbcr,10,ss=2.0;srY=1.0*sn_est;r=5;sc=1.5*srY,32.6381,0.878728,0.429472,141.14
board,acsf_ycbcr,10,ss=2;kmin=0.85;kmax=3.6;c=1.3;r=5;rs=2;sc=1.5*srY,32.2445,0.879988,0.430332,144.38
board,raw_ycbcr,15,-,24.6507,0.436511,0.317420,1.68
board,bilateral_ycbcr,15,ss=2.0;srY=1.0*sn_est;r=5;sc=1.5*srY,29.3209,0.754658,0.358203,141.28
board,acsf_ycbcr,15,ss=2;kmin=0.85;kmax=3.6;c=1.3;r=5;rs=2;sc=1.5*srY,29.5300,0.814357,0.366628,142.90
board,raw_ycbcr,20,-,22.1521,0.348605,0.279396,1.69
board,bilateral_ycbcr,20,ss=2.0;srY=1.0*sn_est;r=5;sc=1.5*srY,26.8006,0.624913,0.311714,138.98
board,acsf_ycbcr,20,ss=2;kmin=0.85;kmax=3.6;c=1.3;r=5;rs=2;sc=1.5*srY,27.6725,0.769722,0.328361,140.75
board,raw_ycbcr,30,-,18.6908,0.250212,0.218313,1.66
board,bilateral_ycbcr,30,ss=2.0;srY=1.0*sn_est;r=5;sc=1.5*srY,23.3557,0.438422,0.242053,137.27
board,acsf_ycbcr,30,ss=2;kmin=0.85;kmax=3.6;c=1.3;r=5;rs=2;sc=1.5*srY,25.3644,0.726163,0.265399,138.27
board,raw_ycbcr,40,-,16.2543,0.193536,0.176568,0.30
board,bilateral_ycbcr,40,ss=2.0;srY=1.0*sn_est;r=5;sc=1.5*srY,20.9468,0.321466,0.193520,133.24
board,acsf_ycbcr,40,ss=2;kmin=0.85;kmax=3.6;c=1.3;r=5;rs=2;sc=1.5*srY,23.8744,0.690480,0.219781,136.66
fruits,raw_ycbcr,5,-,34.1774,0.759574,0.229432,0.22
fruits,bilateral_ycbcr,5,ss=2.0;srY=1.0*sn_est;r=5;sc=1.5*srY,38.0939,0.903661,0.267995,108.83
fruits,acsf_ycbcr,5,ss=2;kmin=0.85;kmax=3.6;c=1.3;r=5;rs=2;sc=1.5*srY,39.7298,0.946036,0.299689,112.54
fruits,raw_ycbcr,10,-,28.1556,0.455923,0.127339,0.22
fruits,bilateral_ycbcr,10,ss=2.0;srY=1.0*sn_est;r=5;sc=1.5*srY,32.8001,0.739181,0.154068,116.92
fruits,acsf_ycbcr,10,ss=2;kmin=0.85;kmax=3.6;c=1.3;r=5;rs=2;sc=1.5*srY,36.5917,0.922217,0.213700,110.23
fruits,raw_ycbcr,15,-,24.6744,0.283551,0.088847,0.23
fruits,bilateral_ycbcr,15,ss=2.0;srY=1.0*sn_est;r=5;sc=1.5*srY,29.6554,0.584306,0.106893,107.91
fruits,acsf_ycbcr,15,ss=2;kmin=0.85;kmax=3.6;c=1.3;r=5;rs=2;sc=1.5*srY,34.9370,0.909766,0.173528,108.91
fruits,raw_ycbcr,20,-,22.1808,0.187757,0.067093,0.27
fruits,bilateral_ycbcr,20,ss=2.0;srY=1.0*sn_est;r=5;sc=1.5*srY,27.2983,0.454294,0.079404,105.29
fruits,acsf_ycbcr,20,ss=2;kmin=0.85;kmax=3.6;c=1.3;r=5;rs=2;sc=1.5*srY,33.6113,0.893283,0.142397,108.83
fruits,raw_ycbcr,30,-,18.7086,0.098880,0.044030,0.26
fruits,bilateral_ycbcr,30,ss=2.0;srY=1.0*sn_est;r=5;sc=1.5*srY,23.9385,0.284099,0.050247,104.72
fruits,acsf_ycbcr,30,ss=2;kmin=0.85;kmax=3.6;c=1.3;r=5;rs=2;sc=1.5*srY,31.4437,0.852477,0.094152,108.85
fruits,raw_ycbcr,40,-,16.2851,0.060511,0.033566,0.23
fruits,bilateral_ycbcr,40,ss=2.0;srY=1.0*sn_est;r=5;sc=1.5*srY,21.5483,0.188042,0.037669,104.52
fruits,acsf_ycbcr,40,ss=2;kmin=0.85;kmax=3.6;c=1.3;r=5;rs=2;sc=1.5*srY,29.6746,0.804185,0.067265,108.58
